Nom Complet;Email;Téléphone;Restaurant;Plateforme
Client 1;xxx@yahoo.fr;601020304;Restaurant 1;Plateforme 1
Client 2;xxx@hotmail.fr;601020305;Restaurant 2;Plateforme 2
Client 3;xxx@outlook.fr;601020306;Restaurant 3;Plateforme 3
Client 4;xxx@hoya.com;601020307;Restaurant 3;Plateforme 4
Client 5;xxx@live.fr;601020308;Restaurant 2;Plateforme 5
Client 6;xxx@icloud.com;601020309;Restaurant 1;Plateforme 2
Client 7;xxx@gmail.com;601020310;Restaurant 1;Plateforme 2
Client 8;xxx@yahoo.fr;601020311;Restaurant 2;Plateforme 3
Client 9;xxx@hotmail.fr;601020312;Restaurant 3;Plateforme 1
Client 10;xxx@outlook.fr;601020313;Restaurant 3;Plateforme 5
Client 11;xxx@hoya.com;601020314;Restaurant 2;Plateforme 4
Client 12;xxx@live.fr;601020315;Restaurant 1;Plateforme 1
Client 13;xxx@icloud.com;601020316;Restaurant 2;Plateforme 2
Client 14;xxx@gmail.com;601020317;Restaurant 3;Plateforme 3
Client 15;xxx@yahoo.fr;601020318;Restaurant 2;Plateforme 4
Client 16;xxx@hotmail.fr;601020319;Restaurant 2;Plateforme 5
Client 17;xxx@outlook.fr;601020320;Restaurant 1;Plateforme 2
Client 18;xxx@hoya.com;601020321;Restaurant 1;Plateforme 2
Client 19;xxx@live.fr;601020322;Restaurant 1;Plateforme 3
Client 20;xxx@icloud.com;601020323;Restaurant 2;Plateforme 1
Client 21;xxx@gmail.com;601020324;Restaurant 3;Plateforme 5
Client 22;xxx@yahoo.fr;601020325;Restaurant 1;Plateforme 4
Client 23;xxx@hotmail.fr;601020326;Restaurant 2;Plateforme 1
Client 24;xxx@outlook.fr;601020327;Restaurant 3;Plateforme 2
Client 25;xxx@hoya.com;601020328;Restaurant 1;Plateforme 3
Client 26;xxx@live.fr;601020329;Restaurant 2;Plateforme 4
Client 27;xxx@icloud.com;601020330;Restaurant 3;Plateforme 5
Client 28;xxx@gmail.com;601020331;Restaurant 1;Plateforme 2
Client 29;xxx@yahoo.fr;601020332;Restaurant 2;Plateforme 2
Client 30;xxx@hotmail.fr;601020333;Restaurant 3;Plateforme 3
Client 31;xxx@outlook.fr;601020334;Restaurant 3;Plateforme 1
Client 32;xxx@hoya.com;601020335;Restaurant 2;Plateforme 5
Client 33;xxx@live.fr;601020336;Restaurant 1;Plateforme 4
Client 34;xxx@icloud.com;601020337;Restaurant 2;Plateforme 1
Client 35;xxx@gmail.com;601020338;Restaurant 3;Plateforme 2
Client 36;xxx@yahoo.fr;601020339;Restaurant 2;Plateforme 3
Client 37;xxx@hotmail.fr;601020340;Restaurant 2;Plateforme 4
Client 38;xxx@outlook.fr;601020341;Restaurant 1;Plateforme 5
Client 39;xxx@hoya.com;601020342;Restaurant 1;Plateforme 2
Client 40;xxx@live.fr;601020343;Restaurant 1;Plateforme 2
Client 41;xxx@icloud.com;601020344;Restaurant 2;Plateforme 3
Client 42;xxx@gmail.com;601020345;Restaurant 3;Plateforme 1
Client 43;xxx@yahoo.fr;601020346;Restaurant 1;Plateforme 5
Client 44;xxx@hotmail.fr;601020347;Restaurant 2;Plateforme 4
Client 45;xxx@outlook.fr;601020348;Restaurant 3;Plateforme 1
Client 46;xxx@hoya.com;601020349;Restaurant 1;Plateforme 2
Client 47;xxx@live.fr;601020350;Restaurant 2;Plateforme 3
Client 48;xxx@icloud.com;601020351;Restaurant 3;Plateforme 4
Client 49;xxx@gmail.com;601020352;Restaurant 1;Plateforme 5
Client 50;xxx@yahoo.fr;601020353;Restaurant 2;Plateforme 2
Client 51;xxx@hotmail.fr;601020354;Restaurant 3;Plateforme 2
Client 52;xxx@outlook.fr;601020355;Restaurant 3;Plateforme 3
Client 53;xxx@hoya.com;601020356;Restaurant 2;Plateforme 1
Client 54;xxx@live.fr;601020357;Restaurant 1;Plateforme 5
Client 55;xxx@icloud.com;601020358;Restaurant 2;Plateforme 4
Client 56;xxx@gmail.com;601020359;Restaurant 3;Plateforme 1
Client 57;xxx@yahoo.fr;601020360;Restaurant 2;Plateforme 2
Client 58;xxx@hotmail.fr;601020361;Restaurant 2;Plateforme 3
Client 59;xxx@outlook.fr;601020362;Restaurant 1;Plateforme 4
Client 60;xxx@hoya.com;601020363;Restaurant 1;Plateforme 5
Client 61;xxx@live.fr;601020364;Restaurant 1;Plateforme 2
Client 62;xxx@icloud.com;601020365;Restaurant 2;Plateforme 2
Client 63;xxx@gmail.com;601020366;Restaurant 3;Plateforme 3
Client 64;xxx@yahoo.fr;601020367;Restaurant 1;Plateforme 1
Client 65;xxx@hotmail.fr;601020368;Restaurant 2;Plateforme 5
Client 66;xxx@outlook.fr;601020369;Restaurant 3;Plateforme 4
Client 67;xxx@hoya.com;601020370;Restaurant 1;Plateforme 1
Client 68;xxx@live.fr;601020371;Restaurant 2;Plateforme 2
Client 69;xxx@icloud.com;601020372;Restaurant 3;Plateforme 3
Client 70;xxx@gmail.com;601020373;Restaurant 1;Plateforme 4
Client 71;xxx@yahoo.fr;601020374;Restaurant 2;Plateforme 5
Client 72;xxx@hotmail.fr;601020375;Restaurant 3;Plateforme 2
Client 73;xxx@outlook.fr;601020376;Restaurant 3;Plateforme 2
Client 74;xxx@hoya.com;601020377;Restaurant 2;Plateforme 3
Client 75;xxx@live.fr;601020378;Restaurant 1;Plateforme 1
Client 76;xxx@icloud.com;601020379;Restaurant 2;Plateforme 5
Client 77;xxx@gmail.com;601020380;Restaurant 3;Plateforme 4
Client 78;xxx@yahoo.fr;601020381;Restaurant 2;Plateforme 1
Client 79;xxx@hotmail.fr;601020382;Restaurant 2;Plateforme 2
Client 80;xxx@outlook.fr;601020383;Restaurant 1;Plateforme 3
Client 81;xxx@hoya.com;601020384;Restaurant 1;Plateforme 4
Client 82;xxx@live.fr;601020385;Restaurant 1;Plateforme 5
Client 83;xxx@icloud.com;601020386;Restaurant 2;Plateforme 2
Client 84;xxx@gmail.com;601020387;Restaurant 3;Plateforme 2
Client 85;xxx@yahoo.fr;601020388;Restaurant 1;Plateforme 3
Client 86;xxx@hotmail.fr;601020389;Restaurant 2;Plateforme 1
Client 87;xxx@outlook.fr;601020390;Restaurant 3;Plateforme 5
Client 88;xxx@hoya.com;601020391;Restaurant 1;Plateforme 4
Client 89;xxx@live.fr;601020392;Restaurant 2;Plateforme 1
Client 90;xxx@icloud.com;601020393;Restaurant 3;Plateforme 2
Client 91;xxx@gmail.com;601020394;Restaurant 1;Plateforme 3
Client 92;xxx@yahoo.fr;601020395;Restaurant 2;Plateforme 4
Client 93;xxx@hotmail.fr;601020396;Restaurant 3;Plateforme 5
Client 94;xxx@outlook.fr;601020397;Restaurant 3;Plateforme 2
Client 95;xxx@hoya.com;601020398;Restaurant 2;Plateforme 2
Client 96;xxx@live.fr;601020399;Restaurant 1;Plateforme 3
Client 97;xxx@icloud.com;601020400;Restaurant 2;Plateforme 1
Client 98;xxx@gmail.com;601020401;Restaurant 3;Plateforme 5
Client 99;xxx@yahoo.fr;601020402;Restaurant 2;Plateforme 4
Client 100;xxx@hotmail.fr;601020403;Restaurant 2;Plateforme 1
Client 101;xxx@outlook.fr;601020404;Restaurant 1;Plateforme 2
Client 102;xxx@hoya.com;601020405;Restaurant 1;Plateforme 3
Client 103;xxx@live.fr;601020406;Restaurant 1;Plateforme 4
Client 104;xxx@icloud.com;601020407;Restaurant 2;Plateforme 5
Client 105;xxx@gmail.com;601020408;Restaurant 3;Plateforme 2
Client 106;xxx@yahoo.fr;601020409;Restaurant 1;Plateforme 2
Client 107;xxx@hotmail.fr;601020410;Restaurant 2;Plateforme 3
Client 108;xxx@outlook.fr;601020411;Restaurant 3;Plateforme 1
Client 109;xxx@hoya.com;601020412;Restaurant 1;Plateforme 5
Client 110;xxx@live.fr;601020413;Restaurant 2;Plateforme 4
Client 111;xxx@icloud.com;601020414;Restaurant 3;Plateforme 1
Client 112;xxx@gmail.com;601020415;Restaurant 1;Plateforme 2
Client 113;xxx@yahoo.fr;601020416;Restaurant 2;Plateforme 3
Client 114;xxx@hotmail.fr;601020417;Restaurant 3;Plateforme 4
Client 115;xxx@outlook.fr;601020418;Restaurant 3;Plateforme 5
Client 116;xxx@hoya.com;601020419;Restaurant 2;Plateforme 2
Client 117;xxx@live.fr;601020420;Restaurant 1;Plateforme 2
Client 118;xxx@icloud.com;601020421;Restaurant 2;Plateforme 3
Client 119;xxx@gmail.com;601020422;Restaurant 3;Plateforme 1
Client 120;xxx@yahoo.fr;601020423;Restaurant 2;Plateforme 5
Client 121;xxx@hotmail.fr;601020424;Restaurant 2;Plateforme 4
Client 122;xxx@outlook.fr;601020425;Restaurant 1;Plateforme 1
Client 123;xxx@hoya.com;601020426;Restaurant 1;Plateforme 2
Client 124;xxx@live.fr;601020427;Restaurant 1;Plateforme 3
Client 125;xxx@icloud.com;601020428;Restaurant 2;Plateforme 4
Client 126;xxx@gmail.com;601020429;Restaurant 3;Plateforme 5
Client 127;xxx@yahoo.fr;601020430;Restaurant 1;Plateforme 2
Client 128;xxx@hotmail.fr;601020431;Restaurant 2;Plateforme 2
Client 129;xxx@outlook.fr;601020432;Restaurant 3;Plateforme 3
Client 130;xxx@hoya.com;601020433;Restaurant 1;Plateforme 1
Client 131;xxx@live.fr;601020434;Restaurant 2;Plateforme 5
Client 132;xxx@icloud.com;601020435;Restaurant 3;Plateforme 4
Client 133;xxx@gmail.com;601020436;Restaurant 1;Plateforme 1
Client 134;xxx@yahoo.fr;601020437;Restaurant 2;Plateforme 2
Client 135;xxx@hotmail.fr;601020438;Restaurant 3;Plateforme 3
Client 136;xxx@outlook.fr;601020439;Restaurant 3;Plateforme 4
Client 137;xxx@hoya.com;601020440;Restaurant 2;Plateforme 5
Client 138;xxx@live.fr;601020441;Restaurant 1;Plateforme 2
Client 139;xxx@icloud.com;601020442;Restaurant 2;Plateforme 2
Client 140;xxx@gmail.com;601020443;Restaurant 3;Plateforme 3
Client 141;xxx@yahoo.fr;601020444;Restaurant 2;Plateforme 1
Client 142;xxx@hotmail.fr;601020445;Restaurant 2;Plateforme 5
Client 143;xxx@outlook.fr;601020446;Restaurant 1;Plateforme 4
Client 144;xxx@hoya.com;601020447;Restaurant 1;Plateforme 1
Client 145;xxx@live.fr;601020448;Restaurant 1;Plateforme 2
Client 146;xxx@icloud.com;601020449;Restaurant 2;Plateforme 3
Client 147;xxx@gmail.com;601020450;Restaurant 3;Plateforme 4
Client 148;xxx@yahoo.fr;601020451;Restaurant 1;Plateforme 5
Client 149;xxx@hotmail.fr;601020452;Restaurant 2;Plateforme 2
Client 150;xxx@outlook.fr;601020453;Restaurant 3;Plateforme 2
Client 151;xxx@hoya.com;601020454;Restaurant 1;Plateforme 3
Client 152;xxx@live.fr;601020455;Restaurant 2;Plateforme 1
Client 153;xxx@icloud.com;601020456;Restaurant 3;Plateforme 5
Client 154;xxx@gmail.com;601020457;Restaurant 1;Plateforme 4
Client 155;xxx@yahoo.fr;601020458;Restaurant 2;Plateforme 1
Client 156;xxx@hotmail.fr;601020459;Restaurant 3;Plateforme 2
Client 157;xxx@outlook.fr;601020460;Restaurant 3;Plateforme 3
Client 158;xxx@hoya.com;601020461;Restaurant 2;Plateforme 4
Client 159;xxx@live.fr;601020462;Restaurant 1;Plateforme 5
Client 160;xxx@icloud.com;601020463;Restaurant 2;Plateforme 2
Client 161;xxx@gmail.com;601020464;Restaurant 3;Plateforme 2
Client 162;xxx@yahoo.fr;601020465;Restaurant 2;Plateforme 3
Client 163;xxx@hotmail.fr;601020466;Restaurant 2;Plateforme 1
Client 164;xxx@outlook.fr;601020467;Restaurant 1;Plateforme 5
Client 165;xxx@hoya.com;601020468;Restaurant 1;Plateforme 4
Client 166;xxx@live.fr;601020469;Restaurant 1;Plateforme 1
Client 167;xxx@icloud.com;601020470;Restaurant 2;Plateforme 2
Client 168;xxx@gmail.com;601020471;Restaurant 3;Plateforme 3
Client 169;xxx@yahoo.fr;601020472;Restaurant 1;Plateforme 4
Client 170;xxx@hotmail.fr;601020473;Restaurant 2;Plateforme 5
Client 171;xxx@outlook.fr;601020474;Restaurant 3;Plateforme 2
Client 172;xxx@hoya.com;601020475;Restaurant 1;Plateforme 2
Client 173;xxx@live.fr;601020476;Restaurant 2;Plateforme 3
Client 174;xxx@icloud.com;601020477;Restaurant 3;Plateforme 1
Client 175;xxx@gmail.com;601020478;Restaurant 1;Plateforme 5
Client 176;xxx@yahoo.fr;601020479;Restaurant 2;Plateforme 4
Client 177;xxx@hotmail.fr;601020480;Restaurant 3;Plateforme 1
Client 178;xxx@outlook.fr;601020481;Restaurant 3;Plateforme 2
Client 179;xxx@hoya.com;601020482;Restaurant 2;Plateforme 3
Client 180;xxx@live.fr;601020483;Restaurant 1;Plateforme 4
Client 181;xxx@icloud.com;601020484;Restaurant 2;Plateforme 5
Client 182;xxx@gmail.com;601020485;Restaurant 3;Plateforme 2
Client 183;xxx@yahoo.fr;601020486;Restaurant 2;Plateforme 2
Client 184;xxx@hotmail.fr;601020487;Restaurant 2;Plateforme 3
Client 185;xxx@outlook.fr;601020488;Restaurant 1;Plateforme 1
Client 186;xxx@hoya.com;601020489;Restaurant 1;Plateforme 5
Client 187;xxx@live.fr;601020490;Restaurant 1;Plateforme 4
Client 188;xxx@icloud.com;601020491;Restaurant 2;Plateforme 1
Client 189;xxx@gmail.com;601020492;Restaurant 3;Plateforme 2
Client 190;xxx@yahoo.fr;601020493;Restaurant 1;Plateforme 3
Client 191;xxx@hotmail.fr;601020494;Restaurant 2;Plateforme 4
Client 192;xxx@outlook.fr;601020495;Restaurant 3;Plateforme 5
Client 193;xxx@hoya.com;601020496;Restaurant 1;Plateforme 2
Client 194;xxx@live.fr;601020497;Restaurant 2;Plateforme 2
Client 195;xxx@icloud.com;601020498;Restaurant 3;Plateforme 3
Client 196;xxx@gmail.com;601020499;Restaurant 1;Plateforme 1
Client 197;xxx@yahoo.fr;601020500;Restaurant 2;Plateforme 5
Client 198;xxx@hotmail.fr;601020501;Restaurant 3;Plateforme 4
Client 199;xxx@outlook.fr;601020502;Restaurant 3;Plateforme 1
Client 200;xxx@hoya.com;601020503;Restaurant 2;Plateforme 2
Client 201;xxx@live.fr;601020504;Restaurant 1;Plateforme 3
Client 202;xxx@icloud.com;601020505;Restaurant 2;Plateforme 4
Client 203;xxx@gmail.com;601020506;Restaurant 3;Plateforme 5
Client 204;xxx@yahoo.fr;601020507;Restaurant 2;Plateforme 2
Client 205;xxx@hotmail.fr;601020508;Restaurant 2;Plateforme 2
Client 206;xxx@outlook.fr;601020509;Restaurant 1;Plateforme 3
Client 207;xxx@hoya.com;601020510;Restaurant 1;Plateforme 1
Client 208;xxx@live.fr;601020511;Restaurant 1;Plateforme 5
Client 209;xxx@icloud.com;601020512;Restaurant 2;Plateforme 4
Client 210;xxx@gmail.com;601020513;Restaurant 3;Plateforme 1
Client 211;xxx@yahoo.fr;601020514;Restaurant 1;Plateforme 2
Client 212;xxx@hotmail.fr;601020515;Restaurant 2;Plateforme 3
Client 213;xxx@outlook.fr;601020516;Restaurant 3;Plateforme 4
Client 214;xxx@hoya.com;601020517;Restaurant 1;Plateforme 5
Client 215;xxx@live.fr;601020518;Restaurant 2;Plateforme 2
Client 216;xxx@icloud.com;601020519;Restaurant 3;Plateforme 2
Client 217;xxx@gmail.com;601020520;Restaurant 1;Plateforme 3
Client 218;xxx@yahoo.fr;601020521;Restaurant 2;Plateforme 1
Client 219;xxx@hotmail.fr;601020522;Restaurant 3;Plateforme 5
Client 220;xxx@outlook.fr;601020523;Restaurant 3;Plateforme 4
Client 221;xxx@hoya.com;601020524;Restaurant 2;Plateforme 1
Client 222;xxx@live.fr;601020525;Restaurant 1;Plateforme 2
Client 223;xxx@icloud.com;601020526;Restaurant 2;Plateforme 3
Client 224;xxx@gmail.com;601020527;Restaurant 3;Plateforme 4
Client 225;xxx@yahoo.fr;601020528;Restaurant 2;Plateforme 5
Client 226;xxx@hotmail.fr;601020529;Restaurant 2;Plateforme 2
Client 227;xxx@outlook.fr;601020530;Restaurant 1;Plateforme 2
Client 228;xxx@hoya.com;601020531;Restaurant 1;Plateforme 3
Client 229;xxx@live.fr;601020532;Restaurant 1;Plateforme 1
Client 230;xxx@icloud.com;601020533;Restaurant 2;Plateforme 5
Client 231;xxx@gmail.com;601020534;Restaurant 3;Plateforme 4
Client 232;xxx@yahoo.fr;601020535;Restaurant 1;Plateforme 1
Client 233;xxx@hotmail.fr;601020536;Restaurant 2;Plateforme 2
Client 234;xxx@outlook.fr;601020537;Restaurant 3;Plateforme 3
Client 235;xxx@hoya.com;601020538;Restaurant 1;Plateforme 4
Client 236;xxx@live.fr;601020539;Restaurant 2;Plateforme 5
Client 237;xxx@icloud.com;601020540;Restaurant 3;Plateforme 2
Client 238;xxx@gmail.com;601020541;Restaurant 1;Plateforme 2
Client 239;xxx@yahoo.fr;601020542;Restaurant 2;Plateforme 3
Client 240;xxx@hotmail.fr;601020543;Restaurant 3;Plateforme 1
Client 241;xxx@outlook.fr;601020544;Restaurant 3;Plateforme 5
Client 242;xxx@hoya.com;601020545;Restaurant 2;Plateforme 4
Client 243;xxx@live.fr;601020546;Restaurant 1;Plateforme 1
Client 244;xxx@icloud.com;601020547;Restaurant 2;Plateforme 2
Client 245;xxx@gmail.com;601020548;Restaurant 3;Plateforme 3
Client 246;xxx@yahoo.fr;601020549;Restaurant 2;Plateforme 4
Client 247;xxx@hotmail.fr;601020550;Restaurant 2;Plateforme 5
Client 248;xxx@outlook.fr;601020551;Restaurant 1;Plateforme 2
Client 249;xxx@hoya.com;601020552;Restaurant 1;Plateforme 2
Client 250;xxx@live.fr;601020553;Restaurant 1;Plateforme 3
Client 251;xxx@icloud.com;601020554;Restaurant 2;Plateforme 1
Client 252;xxx@gmail.com;601020555;Restaurant 3;Plateforme 5
Client 253;xxx@yahoo.fr;601020556;Restaurant 1;Plateforme 4
Client 254;xxx@hotmail.fr;601020557;Restaurant 2;Plateforme 1
Client 255;xxx@outlook.fr;601020558;Restaurant 3;Plateforme 2
Client 256;xxx@hoya.com;601020559;Restaurant 1;Plateforme 3
Client 257;xxx@live.fr;601020560;Restaurant 2;Plateforme 4
Client 258;xxx@icloud.com;601020561;Restaurant 3;Plateforme 5
Client 259;xxx@gmail.com;601020562;Restaurant 1;Plateforme 2
Client 260;xxx@yahoo.fr;601020563;Restaurant 2;Plateforme 2
Client 261;xxx@hotmail.fr;601020564;Restaurant 3;Plateforme 3
Client 262;xxx@outlook.fr;601020565;Restaurant 3;Plateforme 1
Client 263;xxx@hoya.com;601020566;Restaurant 2;Plateforme 5
Client 264;xxx@live.fr;601020567;Restaurant 1;Plateforme 4
Client 265;xxx@icloud.com;601020568;Restaurant 2;Plateforme 1
Client 266;xxx@gmail.com;601020569;Restaurant 3;Plateforme 2
Client 267;xxx@yahoo.fr;601020570;Restaurant 2;Plateforme 3
Client 268;xxx@hotmail.fr;601020571;Restaurant 2;Plateforme 4
Client 269;xxx@outlook.fr;601020572;Restaurant 1;Plateforme 5
Client 270;xxx@hoya.com;601020573;Restaurant 1;Plateforme 2
Client 271;xxx@live.fr;601020574;Restaurant 1;Plateforme 2
Client 272;xxx@icloud.com;601020575;Restaurant 2;Plateforme 3
Client 273;xxx@gmail.com;601020576;Restaurant 3;Plateforme 1
Client 274;xxx@yahoo.fr;601020577;Restaurant 1;Plateforme 5
Client 275;xxx@hotmail.fr;601020578;Restaurant 2;Plateforme 4
Client 276;xxx@outlook.fr;601020579;Restaurant 3;Plateforme 1
Client 277;xxx@hoya.com;601020580;Restaurant 1;Plateforme 2
Client 278;xxx@live.fr;601020581;Restaurant 2;Plateforme 3
Client 279;xxx@icloud.com;601020582;Restaurant 3;Plateforme 4
Client 280;xxx@gmail.com;601020583;Restaurant 1;Plateforme 5
Client 281;xxx@yahoo.fr;601020584;Restaurant 2;Plateforme 2
Client 282;xxx@hotmail.fr;601020585;Restaurant 3;Plateforme 2
Client 283;xxx@outlook.fr;601020586;Restaurant 3;Plateforme 3
Client 284;xxx@hoya.com;601020587;Restaurant 2;Plateforme 1
Client 285;xxx@live.fr;601020588;Restaurant 1;Plateforme 5
Client 286;xxx@icloud.com;601020589;Restaurant 2;Plateforme 4
Client 287;xxx@gmail.com;601020590;Restaurant 3;Plateforme 1
Client 288;xxx@yahoo.fr;601020591;Restaurant 2;Plateforme 2
Client 289;xxx@hotmail.fr;601020592;Restaurant 2;Plateforme 3
Client 290;xxx@outlook.fr;601020593;Restaurant 1;Plateforme 4
Client 291;xxx@hoya.com;601020594;Restaurant 1;Plateforme 5
Client 292;xxx@live.fr;601020595;Restaurant 1;Plateforme 2
Client 293;xxx@icloud.com;601020596;Restaurant 2;Plateforme 2
Client 294;xxx@gmail.com;601020597;Restaurant 3;Plateforme 3
Client 295;xxx@yahoo.fr;601020598;Restaurant 1;Plateforme 1
Client 296;xxx@hotmail.fr;601020599;Restaurant 2;Plateforme 5
Client 297;xxx@outlook.fr;601020600;Restaurant 3;Plateforme 4
Client 298;xxx@hoya.com;601020601;Restaurant 1;Plateforme 1
Client 299;xxx@live.fr;601020602;Restaurant 2;Plateforme 2
Client 300;xxx@icloud.com;601020603;Restaurant 3;Plateforme 3
Client 301;xxx@gmail.com;601020604;Restaurant 1;Plateforme 4
Client 302;xxx@yahoo.fr;601020605;Restaurant 2;Plateforme 5
Client 303;xxx@hotmail.fr;601020606;Restaurant 3;Plateforme 2
Client 304;xxx@outlook.fr;601020607;Restaurant 3;Plateforme 2
Client 305;xxx@hoya.com;601020608;Restaurant 2;Plateforme 3
Client 306;xxx@live.fr;601020609;Restaurant 1;Plateforme 1
Client 307;xxx@icloud.com;601020610;Restaurant 2;Plateforme 5
Client 308;xxx@gmail.com;601020611;Restaurant 3;Plateforme 4
Client 309;xxx@yahoo.fr;601020612;Restaurant 2;Plateforme 1
Client 310;xxx@hotmail.fr;601020613;Restaurant 2;Plateforme 2
Client 311;xxx@outlook.fr;601020614;Restaurant 1;Plateforme 3
Client 312;xxx@hoya.com;601020615;Restaurant 1;Plateforme 4
Client 313;xxx@live.fr;601020616;Restaurant 1;Plateforme 5
Client 314;xxx@icloud.com;601020617;Restaurant 2;Plateforme 2
Client 315;xxx@gmail.com;601020618;Restaurant 3;Plateforme 2
Client 316;xxx@yahoo.fr;601020619;Restaurant 1;Plateforme 3
Client 317;xxx@hotmail.fr;601020620;Restaurant 2;Plateforme 1
Client 318;xxx@outlook.fr;601020621;Restaurant 3;Plateforme 5
Client 319;xxx@hoya.com;601020622;Restaurant 1;Plateforme 4
Client 320;xxx@live.fr;601020623;Restaurant 2;Plateforme 1
Client 321;xxx@icloud.com;601020624;Restaurant 3;Plateforme 2
Client 322;xxx@gmail.com;601020625;Restaurant 1;Plateforme 3
Client 323;xxx@yahoo.fr;601020626;Restaurant 2;Plateforme 4
Client 324;xxx@hotmail.fr;601020627;Restaurant 3;Plateforme 5
Client 325;xxx@outlook.fr;601020628;Restaurant 3;Plateforme 2
Client 326;xxx@hoya.com;601020629;Restaurant 2;Plateforme 2
Client 327;xxx@live.fr;601020630;Restaurant 1;Plateforme 3
Client 328;xxx@icloud.com;601020631;Restaurant 2;Plateforme 1
Client 329;xxx@gmail.com;601020632;Restaurant 3;Plateforme 5
Client 330;xxx@yahoo.fr;601020633;Restaurant 2;Plateforme 4
Client 331;xxx@hotmail.fr;601020634;Restaurant 2;Plateforme 1
Client 332;xxx@outlook.fr;601020635;Restaurant 1;Plateforme 2
Client 333;xxx@hoya.com;601020636;Restaurant 1;Plateforme 3
Client 334;xxx@live.fr;601020637;Restaurant 1;Plateforme 4
Client 335;xxx@icloud.com;601020638;Restaurant 2;Plateforme 5
Client 336;xxx@gmail.com;601020639;Restaurant 3;Plateforme 2
Client 337;xxx@yahoo.fr;601020640;Restaurant 1;Plateforme 2
Client 338;xxx@hotmail.fr;601020641;Restaurant 2;Plateforme 3
Client 339;xxx@outlook.fr;601020642;Restaurant 3;Plateforme 1
Client 340;xxx@hoya.com;601020643;Restaurant 1;Plateforme 5
Client 341;xxx@live.fr;601020644;Restaurant 2;Plateforme 4
Client 342;xxx@icloud.com;601020645;Restaurant 3;Plateforme 1
Client 343;xxx@gmail.com;601020646;Restaurant 1;Plateforme 2
Client 344;xxx@yahoo.fr;601020647;Restaurant 2;Plateforme 3
Client 345;xxx@hotmail.fr;601020648;Restaurant 3;Plateforme 4
Client 346;xxx@outlook.fr;601020649;Restaurant 3;Plateforme 5
Client 347;xxx@hoya.com;601020650;Restaurant 2;Plateforme 2
Client 348;xxx@live.fr;601020651;Restaurant 1;Plateforme 2
Client 349;xxx@icloud.com;601020652;Restaurant 2;Plateforme 3
Client 350;xxx@gmail.com;601020653;Restaurant 3;Plateforme 1
Client 351;xxx@yahoo.fr;601020654;Restaurant 2;Plateforme 5
Client 352;xxx@hotmail.fr;601020655;Restaurant 2;Plateforme 4
Client 353;xxx@outlook.fr;601020656;Restaurant 1;Plateforme 1
Client 354;xxx@hoya.com;601020657;Restaurant 1;Plateforme 2
Client 355;xxx@live.fr;601020658;Restaurant 1;Plateforme 3
Client 356;xxx@icloud.com;601020659;Restaurant 2;Plateforme 4
Client 357;xxx@gmail.com;601020660;Restaurant 3;Plateforme 5
Client 358;xxx@yahoo.fr;601020661;Restaurant 1;Plateforme 2
Client 359;xxx@hotmail.fr;601020662;Restaurant 2;Plateforme 2
Client 360;xxx@outlook.fr;601020663;Restaurant 3;Plateforme 3
Client 361;xxx@hoya.com;601020664;Restaurant 1;Plateforme 1
Client 362;xxx@live.fr;601020665;Restaurant 2;Plateforme 5
Client 363;xxx@icloud.com;601020666;Restaurant 3;Plateforme 4
Client 364;xxx@gmail.com;601020667;Restaurant 1;Plateforme 1
Client 365;xxx@yahoo.fr;601020668;Restaurant 2;Plateforme 2
Client 366;xxx@hotmail.fr;601020669;Restaurant 3;Plateforme 3
Client 367;xxx@outlook.fr;601020670;Restaurant 3;Plateforme 4
Client 368;xxx@hoya.com;601020671;Restaurant 2;Plateforme 5
Client 369;xxx@live.fr;601020672;Restaurant 1;Plateforme 2
Client 370;xxx@icloud.com;601020673;Restaurant 2;Plateforme 2
Client 371;xxx@gmail.com;601020674;Restaurant 3;Plateforme 3
Client 372;xxx@yahoo.fr;601020675;Restaurant 2;Plateforme 1
Client 373;xxx@hotmail.fr;601020676;Restaurant 2;Plateforme 5
Client 374;xxx@outlook.fr;601020677;Restaurant 1;Plateforme 4
Client 375;xxx@hoya.com;601020678;Restaurant 1;Plateforme 1
Client 376;xxx@live.fr;601020679;Restaurant 1;Plateforme 2
Client 377;xxx@icloud.com;601020680;Restaurant 2;Plateforme 3
Client 378;xxx@gmail.com;601020681;Restaurant 3;Plateforme 4
Client 379;xxx@yahoo.fr;601020682;Restaurant 1;Plateforme 5
Client 380;xxx@hotmail.fr;601020683;Restaurant 2;Plateforme 2
Client 381;xxx@outlook.fr;601020684;Restaurant 3;Plateforme 2
Client 382;xxx@hoya.com;601020685;Restaurant 1;Plateforme 3
Client 383;xxx@live.fr;601020686;Restaurant 2;Plateforme 1
Client 384;xxx@icloud.com;601020687;Restaurant 3;Plateforme 5
Client 385;xxx@gmail.com;601020688;Restaurant 1;Plateforme 4
Client 386;xxx@yahoo.fr;601020689;Restaurant 2;Plateforme 1
Client 387;xxx@hotmail.fr;601020690;Restaurant 3;Plateforme 2
Client 388;xxx@outlook.fr;601020691;Restaurant 3;Plateforme 3
Client 389;xxx@hoya.com;601020692;Restaurant 2;Plateforme 4
Client 390;xxx@live.fr;601020693;Restaurant 1;Plateforme 5
Client 391;xxx@icloud.com;601020694;Restaurant 2;Plateforme 2
Client 392;xxx@gmail.com;601020695;Restaurant 3;Plateforme 2
Client 393;xxx@yahoo.fr;601020696;Restaurant 2;Plateforme 3
Client 394;xxx@hotmail.fr;601020697;Restaurant 2;Plateforme 1
Client 395;xxx@outlook.fr;601020698;Restaurant 1;Plateforme 5
Client 396;xxx@hoya.com;601020699;Restaurant 1;Plateforme 4
Client 397;xxx@live.fr;601020700;Restaurant 1;Plateforme 1
Client 398;xxx@icloud.com;601020701;Restaurant 2;Plateforme 2
Client 399;xxx@gmail.com;601020702;Restaurant 3;Plateforme 3
Client 400;xxx@yahoo.fr;601020703;Restaurant 1;Plateforme 4
Client 401;xxx@hotmail.fr;601020704;Restaurant 2;Plateforme 5
Client 402;xxx@outlook.fr;601020705;Restaurant 3;Plateforme 2
Client 403;xxx@hoya.com;601020706;Restaurant 1;Plateforme 2
Client 404;xxx@live.fr;601020707;Restaurant 2;Plateforme 3
Client 405;xxx@icloud.com;601020708;Restaurant 3;Plateforme 1
Client 406;xxx@gmail.com;601020709;Restaurant 1;Plateforme 5
Client 407;xxx@yahoo.fr;601020710;Restaurant 2;Plateforme 4
Client 408;xxx@hotmail.fr;601020711;Restaurant 3;Plateforme 1
Client 409;xxx@outlook.fr;601020712;Restaurant 3;Plateforme 2
Client 410;xxx@hoya.com;601020713;Restaurant 2;Plateforme 3
Client 411;xxx@live.fr;601020714;Restaurant 1;Plateforme 4
Client 412;xxx@icloud.com;601020715;Restaurant 2;Plateforme 5
Client 413;xxx@gmail.com;601020716;Restaurant 3;Plateforme 2
Client 414;xxx@yahoo.fr;601020717;Restaurant 2;Plateforme 2
Client 415;xxx@hotmail.fr;601020718;Restaurant 2;Plateforme 3
Client 416;xxx@outlook.fr;601020719;Restaurant 1;Plateforme 1
Client 417;xxx@hoya.com;601020720;Restaurant 1;Plateforme 5
Client 418;xxx@live.fr;601020721;Restaurant 1;Plateforme 4
Client 419;xxx@icloud.com;601020722;Restaurant 2;Plateforme 1
Client 420;xxx@gmail.com;601020723;Restaurant 3;Plateforme 2
Client 421;xxx@yahoo.fr;601020724;Restaurant 1;Plateforme 3
Client 422;xxx@hotmail.fr;601020725;Restaurant 2;Plateforme 4
Client 423;xxx@outlook.fr;601020726;Restaurant 3;Plateforme 5
Client 424;xxx@hoya.com;601020727;Restaurant 1;Plateforme 2
Client 425;xxx@live.fr;601020728;Restaurant 2;Plateforme 2
Client 426;xxx@icloud.com;601020729;Restaurant 3;Plateforme 3
Client 427;xxx@gmail.com;601020730;Restaurant 1;Plateforme 1
Client 428;xxx@yahoo.fr;601020731;Restaurant 2;Plateforme 5
Client 429;xxx@hotmail.fr;601020732;Restaurant 3;Plateforme 4
Client 430;xxx@outlook.fr;601020733;Restaurant 3;Plateforme 1
Client 431;xxx@hoya.com;601020734;Restaurant 2;Plateforme 2
Client 432;xxx@live.fr;601020735;Restaurant 1;Plateforme 3
Client 433;xxx@icloud.com;601020736;Restaurant 2;Plateforme 4
Client 434;xxx@gmail.com;601020737;Restaurant 3;Plateforme 5
Client 435;xxx@yahoo.fr;601020738;Restaurant 2;Plateforme 2
Client 436;xxx@hotmail.fr;601020739;Restaurant 2;Plateforme 2
Client 437;xxx@outlook.fr;601020740;Restaurant 1;Plateforme 3
Client 438;xxx@hoya.com;601020741;Restaurant 1;Plateforme 1
Client 439;xxx@live.fr;601020742;Restaurant 1;Plateforme 5
Client 440;xxx@icloud.com;601020743;Restaurant 2;Plateforme 4
Client 441;xxx@gmail.com;601020744;Restaurant 3;Plateforme 1
Client 442;xxx@yahoo.fr;601020745;Restaurant 1;Plateforme 2
Client 443;xxx@hotmail.fr;601020746;Restaurant 2;Plateforme 3
Client 444;xxx@outlook.fr;601020747;Restaurant 3;Plateforme 4
Client 445;xxx@hoya.com;601020748;Restaurant 1;Plateforme 5
Client 446;xxx@live.fr;601020749;Restaurant 2;Plateforme 2
Client 447;xxx@icloud.com;601020750;Restaurant 3;Plateforme 2
Client 448;xxx@gmail.com;601020751;Restaurant 1;Plateforme 3
Client 449;xxx@yahoo.fr;601020752;Restaurant 2;Plateforme 1
Client 450;xxx@hotmail.fr;601020753;Restaurant 3;Plateforme 5
Client 451;xxx@outlook.fr;601020754;Restaurant 3;Plateforme 4
Client 452;xxx@hoya.com;601020755;Restaurant 2;Plateforme 1
Client 453;xxx@live.fr;601020756;Restaurant 1;Plateforme 2
Client 454;xxx@icloud.com;601020757;Restaurant 2;Plateforme 3
Client 455;xxx@gmail.com;601020758;Restaurant 3;Plateforme 4
Client 456;xxx@yahoo.fr;601020759;Restaurant 2;Plateforme 5
Client 457;xxx@hotmail.fr;601020760;Restaurant 2;Plateforme 2
Client 458;xxx@outlook.fr;601020761;Restaurant 1;Plateforme 2
Client 459;xxx@hoya.com;601020762;Restaurant 1;Plateforme 3
Client 460;xxx@live.fr;601020763;Restaurant 1;Plateforme 1
Client 461;xxx@icloud.com;601020764;Restaurant 2;Plateforme 5
Client 462;xxx@gmail.com;601020765;Restaurant 3;Plateforme 4
Client 463;xxx@yahoo.fr;601020766;Restaurant 1;Plateforme 1
Client 464;xxx@hotmail.fr;601020767;Restaurant 2;Plateforme 2
Client 465;xxx@outlook.fr;601020768;Restaurant 3;Plateforme 3
Client 466;xxx@hoya.com;601020769;Restaurant 1;Plateforme 4
Client 467;xxx@live.fr;601020770;Restaurant 2;Plateforme 5
Client 468;xxx@icloud.com;601020771;Restaurant 3;Plateforme 2
Client 469;xxx@gmail.com;601020772;Restaurant 1;Plateforme 2
Client 470;xxx@yahoo.fr;601020773;Restaurant 2;Plateforme 3
Client 471;xxx@hotmail.fr;601020774;Restaurant 3;Plateforme 1
Client 472;xxx@outlook.fr;601020775;Restaurant 3;Plateforme 5
Client 473;xxx@hoya.com;601020776;Restaurant 2;Plateforme 4
Client 474;xxx@live.fr;601020777;Restaurant 1;Plateforme 1
Client 475;xxx@icloud.com;601020778;Restaurant 2;Plateforme 2
Client 476;xxx@gmail.com;601020779;Restaurant 3;Plateforme 3
Client 477;xxx@yahoo.fr;601020780;Restaurant 2;Plateforme 4
Client 478;xxx@hotmail.fr;601020781;Restaurant 2;Plateforme 5
Client 479;xxx@outlook.fr;601020782;Restaurant 1;Plateforme 2
Client 480;xxx@hoya.com;601020783;Restaurant 1;Plateforme 2
Client 481;xxx@live.fr;601020784;Restaurant 1;Plateforme 3
Client 482;xxx@icloud.com;601020785;Restaurant 2;Plateforme 1
Client 483;xxx@gmail.com;601020786;Restaurant 3;Plateforme 5
Client 484;xxx@yahoo.fr;601020787;Restaurant 1;Plateforme 4
Client 485;xxx@hotmail.fr;601020788;Restaurant 2;Plateforme 1
Client 486;xxx@outlook.fr;601020789;Restaurant 3;Plateforme 2
Client 487;xxx@hoya.com;601020790;Restaurant 1;Plateforme 3
Client 488;xxx@live.fr;601020791;Restaurant 2;Plateforme 4
Client 489;xxx@icloud.com;601020792;Restaurant 3;Plateforme 5
Client 490;xxx@gmail.com;601020793;Restaurant 1;Plateforme 2
Client 491;xxx@yahoo.fr;601020794;Restaurant 2;Plateforme 2
Client 492;xxx@hotmail.fr;601020795;Restaurant 3;Plateforme 3
Client 493;xxx@outlook.fr;601020796;Restaurant 3;Plateforme 1
Client 494;xxx@hoya.com;601020797;Restaurant 2;Plateforme 5
Client 495;xxx@live.fr;601020798;Restaurant 1;Plateforme 4
Client 496;xxx@icloud.com;601020799;Restaurant 2;Plateforme 1
Client 497;xxx@gmail.com;601020800;Restaurant 3;Plateforme 2
Client 498;xxx@yahoo.fr;601020801;Restaurant 2;Plateforme 3
Client 499;xxx@hotmail.fr;601020802;Restaurant 2;Plateforme 4
Client 500;xxx@outlook.fr;601020803;Restaurant 1;Plateforme 5
